site,time,lead,Hydro,XGB_k01,XGB_k02,XGB_k03,XGB_k04,XGB_k05,XGB_mean,XGBQlag_mean
孤山,2023-10-01T01:00:00Z,lead_01,28.2,28.4841556549072,36.6383590698242,28.8796882629395,29.2653331756592,31.2439880371094,30.9023048400879,
孤山,2023-10-01T02:00:00Z,lead_02,27.45,25.9525012969971,30.2118034362793,26.3589038848877,25.8231868743897,30.337100982666,27.7366992950439,
孤山,2023-10-01T03:00:00Z,lead_03,26.64,26.2765865325928,23.6171188354492,26.3589038848877,25.8231868743897,28.4578418731689,26.1067276000977,
孤山,2023-10-01T04:00:00Z,lead_04,25.82,22.5049705505371,28.8361301422119,22.8589515686035,28.5715675354004,24.852912902832,25.524906539917,
孤山,2023-10-01T05:00:00Z,lead_05,25.04,21.5123901367188,24.8427848815918,22.6582489013672,25.1574192047119,21.2790489196777,23.0899784088135,
孤山,2023-10-01T06:00:00Z,lead_06,24.3,21.059663772583,19.4435882568359,22.5817775726318,20.1713600158691,23.1197471618652,21.275227355957,
孤山,2023-10-01T07:00:00Z,lead_07,23.6,21.3122692108154,23.5604438781738,23.5778694152832,23.0550384521484,23.6119060516357,23.0235054016113,
孤山,2023-10-01T08:00:00Z,lead_08,22.95,18.6202983856201,13.738564491272,18.0594253540039,20.0766696929932,21.1452674865723,18.3280450820923,
孤山,2023-10-01T09:00:00Z,lead_09,22.28,19.5904350280762,17.1527500152588,18.3963813781738,20.0350818634033,19.5817203521729,18.951273727417,
孤山,2023-10-01T10:00:00Z,lead_10,21.61,17.3105697631836,17.7969532012939,18.2142429351807,17.4605941772461,17.841609954834,17.7247940063477,
孤山,2023-10-01T11:00:00Z,lead_11,20.97,15.9483575820923,16.1583099365234,13.9058542251587,16.3464679718018,18.337459564209,16.139289855957,
孤山,2023-10-01T12:00:00Z,lead_12,21.46,12.2165632247925,16.8948154449463,24.8467845916748,20.9958229064941,44.9813003540039,23.9870573043823,
